identifier,DateIssued,Supplier,Amount,PaidAfterXDays,ExpenseAccount
1,2012-04-20T00:00:00,703,502636,11,78
2,2012-09-15T00:00:00,805,261029,3,77
3,2012-07-07T00:00:00,743,301349,13,281
4,2012-05-20T00:00:00,117,255855,16,23
5,2012-06-11T00:00:00,344,117140,20,39
6,2012-10-23T00:00:00,563,500603,4,267
7,2012-01-07T00:00:00,539,97398,13,141
8,2012-03-03T00:00:00,679,106142,0,197
9,2012-12-22T00:00:00,189,348323,0,96
10,2012-10-17T00:00:00,118,527120,18,244
11,2012-09-29T00:00:00,879,430781,14,38
12,2012-11-10T00:00:00,437,148567,11,197
13,2012-10-05T00:00:00,310,343586,6,149
14,2012-03-27T00:00:00,644,403037,13,32
15,2012-01-07T00:00:00,709,242179,9,199
16,2012-01-11T00:00:00,773,377330,13,40
17,2012-05-24T00:00:00,663,12349,13,22
18,2012-08-28T00:00:00,397,460041,12,257
19,2012-10-29T00:00:00,785,598614,10,211
20,2012-01-15T00:00:00,330,140882,9,25
21,2012-05-10T00:00:00,767,156512,18,175
22,2012-03-11T00:00:00,678,100709,18,39
23,2012-12-20T00:00:00,478,168657,5,151
24,2012-03-09T00:00:00,867,422734,20,292
25,2012-06-19T00:00:00,722,410272,6,192
26,2012-12-22T00:00:00,519,234247,1,79
27,2012-10-31T00:00:00,809,488256,5,124
28,2012-09-17T00:00:00,730,386997,8,268
29,2012-09-21T00:00:00,336,597058,13,67
30,2012-11-06T00:00:00,421,573117,14,240
31,2012-11-22T00:00:00,860,522177,4,190
32,2012-09-11T00:00:00,821,550787,3,2
33,2012-10-17T00:00:00,700,362386,0,208
34,2012-08-24T00:00:00,889,533967,17,296
35,2012-06-01T00:00:00,724,523394,11,242
36,2012-10-31T00:00:00,217,571254,6,292
37,2012-08-26T00:00:00,109,58241,7,68
38,2012-10-15T00:00:00,831,87011,4,25
39,2012-04-20T00:00:00,356,105617,7,272
40,2012-07-15T00:00:00,850,26288,4,287
41,2012-08-02T00:00:00,584,66675,13,67
42,2012-04-04T00:00:00,377,61888,15,58
43,2012-02-08T00:00:00,968,122223,0,158
44,2012-06-07T00:00:00,260,284524,12,269
45,2012-06-09T00:00:00,988,205221,18,167
46,2012-04-04T00:00:00,17,64405,17,190
47,2012-12-08T00:00:00,394,563894,16,204
48,2012-01-29T00:00:00,557,514626,2,139
49,2012-05-16T00:00:00,668,285182,2,162
50,2012-08-06T00:00:00,594,103550,8,244
51,2012-07-03T00:00:00,992,597446,13,289
52,2012-06-27T00:00:00,553,597551,16,188
53,2012-02-28T00:00:00,481,539648,13,68
54,2012-01-09T00:00:00,352,18977,1,21
55,2012-11-04T00:00:00,820,338578,14,176
56,2012-03-03T00:00:00,765,423764,9,181
57,2012-11-26T00:00:00,653,204443,6,298
58,2012-11-20T00:00:00,355,436909,3,125
59,2012-12-14T00:00:00,411,146747,12,293
60,2012-11-10T00:00:00,980,476711,17,195
61,2012-08-02T00:00:00,513,336837,10,284
62,2012-08-12T00:00:00,328,235511,19,102
63,2012-01-07T00:00:00,319,570611,15,292
64,2012-06-27T00:00:00,109,78060,9,164
65,2012-06-01T00:00:00,625,229847,14,32
66,2012-11-12T00:00:00,271,398937,10,140
67,2012-08-20T00:00:00,406,383087,16,253
68,2012-08-08T00:00:00,746,80832,2,77
69,2012-12-22T00:00:00,786,350351,10,121
70,2012-11-24T00:00:00,982,23448,15,195
71,2012-02-28T00:00:00,776,478712,19,243
72,2012-05-10T00:00:00,171,444817,20,53
73,2012-01-13T00:00:00,315,8547,18,289
74,2012-04-02T00:00:00,565,138361,16,148
75,2012-02-28T00:00:00,52,334751,4,212
76,2012-04-08T00:00:00,561,496465,4,57
77,2012-09-07T00:00:00,185,158555,5,99
78,2012-12-30T00:00:00,241,217285,11,280
79,2012-03-31T00:00:00,540,531775,7,230
80,2012-05-12T00:00:00,380,175153,17,27
81,2012-11-20T00:00:00,769,206315,8,233
82,2012-11-02T00:00:00,713,425422,15,56
83,2012-06-11T00:00:00,540,546566,8,74
84,2012-12-22T00:00:00,222,426105,8,248
85,2012-12-14T00:00:00,890,190860,6,227
86,2012-11-10T00:00:00,196,549454,1,200
87,2012-12-12T00:00:00,79,251377,16,232
88,2012-09-09T00:00:00,709,313081,12,37
89,2012-10-19T00:00:00,472,472625,2,35
90,2012-06-23T00:00:00,56,323076,1,207
91,2012-06-09T00:00:00,930,303394,4,152
92,2012-09-05T00:00:00,876,405323,6,249
93,2012-02-26T00:00:00,763,264938,2,115
94,2012-07-15T00:00:00,780,491249,6,256
95,2012-10-01T00:00:00,871,401610,5,39
96,2012-03-23T00:00:00,187,391402,2,109
97,2012-05-16T00:00:00,518,240706,1,110
98,2012-04-10T00:00:00,272,158173,3,32
99,2012-04-16T00:00:00,524,363771,10,7
100,2012-05-08T00:00:00,723,115456,20,47
101,2012-03-27T00:00:00,696,186777,5,83
102,2012-08-20T00:00:00,311,541861,17,230
103,2012-10-31T00:00:00,489,422346,15,159
104,2012-11-24T00:00:00,394,563486,3,252
105,2012-04-02T00:00:00,454,44907,6,152
106,2012-12-14T00:00:00,268,360000,0,266
107,2012-11-02T00:00:00,557,120620,2,104
108,2012-03-03T00:00:00,237,377051,8,22
109,2012-02-24T00:00:00,143,560890,3,73
110,2012-11-30T00:00:00,978,12872,4,166
111,2012-12-12T00:00:00,522,527793,12,207
112,2012-09-25T00:00:00,201,251000,5,106
113,2012-06-17T00:00:00,838,67168,16,270
114,2012-04-04T00:00:00,419,500910,6,148
115,2012-07-05T00:00:00,500,74650,5,145
116,2012-12-30T00:00:00,513,504251,8,299
117,2012-12-30T00:00:00,324,586190,19,253
118,2012-03-27T00:00:00,770,332024,9,82
119,2012-03-11T00:00:00,830,60899,16,101
120,2012-11-22T00:00:00,587,425476,9,190
121,2012-12-12T00:00:00,36,384844,0,129
122,2012-10-03T00:00:00,600,480473,14,49
123,2012-03-21T00:00:00,237,416418,4,113
124,2012-11-22T00:00:00,131,555416,0,132
125,2012-04-10T00:00:00,957,440775,11,32
126,2012-05-30T00:00:00,491,357129,8,75
127,2012-10-25T00:00:00,547,85247,11,18
128,2012-05-06T00:00:00,119,83875,15,79
129,2012-04-28T00:00:00,467,212160,20,50
130,2012-03-19T00:00:00,890,479499,9,204
131,2012-04-24T00:00:00,422,334218,17,103
132,2012-07-21T00:00:00,489,24523,11,233
133,2012-08-18T00:00:00,110,145618,4,32
134,2012-07-15T00:00:00,275,35252,2,89
135,2012-06-27T00:00:00,318,281321,7,34
136,2012-09-03T00:00:00,104,103051,13,99
137,2012-07-09T00:00:00,497,44067,5,14
138,2012-06-13T00:00:00,261,45348,0,8
139,2012-01-21T00:00:00,786,542379,1,251
140,2012-07-31T00:00:00,743,385963,7,123
141,2012-03-01T00:00:00,61,25159,9,233
142,2012-01-17T00:00:00,918,23522,14,289
143,2012-04-24T00:00:00,364,534097,12,190
144,2012-03-21T00:00:00,388,119032,5,170
145,2012-03-13T00:00:00,388,70046,11,18
146,2012-09-23T00:00:00,814,545770,16,60
147,2012-07-01T00:00:00,296,60381,4,130
148,2012-06-09T00:00:00,298,260229,6,31
149,2012-09-21T00:00:00,590,545296,6,164
150,2012-02-28T00:00:00,338,107002,12,69
151,2012-10-21T00:00:00,705,26439,8,193
152,2012-04-24T00:00:00,112,558680,6,247
153,2012-08-30T00:00:00,415,415208,13,30
154,2012-10-11T00:00:00,19,490391,10,131
155,2012-09-29T00:00:00,644,389058,1,237
156,2012-02-26T00:00:00,112,474157,16,55
157,2012-12-24T00:00:00,223,200967,19,295
158,2012-09-15T00:00:00,860,357328,18,18
159,2012-09-09T00:00:00,739,340706,5,178
160,2012-10-23T00:00:00,865,84859,2,57
161,2012-03-07T00:00:00,233,301281,18,9
162,2012-01-11T00:00:00,383,101733,1,285
163,2012-04-18T00:00:00,524,315858,16,257
164,2012-04-30T00:00:00,101,5430,8,271
165,2012-04-14T00:00:00,580,518960,10,154
166,2012-02-18T00:00:00,856,419902,14,52
167,2012-12-10T00:00:00,959,237084,13,263
168,2012-10-29T00:00:00,260,577116,4,62
169,2012-05-16T00:00:00,797,40911,17,54
170,2012-10-27T00:00:00,936,244837,19,2
171,2012-10-23T00:00:00,164,63660,5,71
172,2012-10-29T00:00:00,535,129185,5,200
173,2012-06-29T00:00:00,67,266411,3,91
174,2012-12-16T00:00:00,556,225104,5,72
175,2012-12-22T00:00:00,562,377072,5,8
176,2012-02-12T00:00:00,46,39428,16,95
177,2012-04-24T00:00:00,290,412713,13,288
178,2012-04-22T00:00:00,964,294464,7,285
179,2012-02-28T00:00:00,257,440714,8,25
180,2012-11-18T00:00:00,666,203186,5,115
181,2012-03-17T00:00:00,664,514022,9,154
182,2012-07-17T00:00:00,469,52603,6,36
183,2012-03-05T00:00:00,89,399100,12,95
184,2012-04-20T00:00:00,747,413213,6,244
185,2012-10-15T00:00:00,563,341285,1,178
186,2012-01-11T00:00:00,615,406682,13,110
187,2012-10-09T00:00:00,360,572603,19,186
188,2012-12-20T00:00:00,19,207279,20,46
189,2012-06-25T00:00:00,729,578530,19,117
190,2012-10-29T00:00:00,631,280303,15,277
191,2012-04-22T00:00:00,776,100258,8,28
192,2012-12-26T00:00:00,818,25323,0,75
193,2012-05-28T00:00:00,263,470359,18,186
194,2012-01-05T00:00:00,182,360879,3,245
195,2012-12-14T00:00:00,806,412359,12,245
196,2012-07-03T00:00:00,752,277938,4,281
197,2012-04-24T00:00:00,355,562789,4,140
198,2012-05-28T00:00:00,440,592117,6,179
199,2012-01-13T00:00:00,13,72259,19,158
200,2012-03-25T00:00:00,510,580736,2,69
201,2012-02-08T00:00:00,977,477819,19,241
202,2012-07-17T00:00:00,806,350044,17,57
203,2012-02-14T00:00:00,545,534924,4,194
204,2012-02-12T00:00:00,61,582190,12,105
205,2012-08-28T00:00:00,881,338012,9,80
206,2012-03-03T00:00:00,237,367221,0,3
207,2012-06-27T00:00:00,133,525649,7,200
208,2012-06-17T00:00:00,469,323988,1,163
209,2012-03-11T00:00:00,920,74198,18,4
210,2012-07-05T00:00:00,132,361583,2,238
211,2012-11-06T00:00:00,53,406633,0,106
212,2012-12-16T00:00:00,8,565930,2,56
213,2012-10-15T00:00:00,627,566250,3,130
214,2012-12-04T00:00:00,978,239096,7,112
215,2012-08-02T00:00:00,268,136527,9,35
216,2012-09-15T00:00:00,92,484369,12,150
217,2012-03-19T00:00:00,999,454422,4,23
218,2012-07-09T00:00:00,6,51490,4,137
219,2012-10-11T00:00:00,400,400029,20,287
220,2012-03-27T00:00:00,725,12742,5,82
221,2012-03-03T00:00:00,780,258035,6,5
222,2012-12-10T00:00:00,101,122994,4,188
223,2012-03-17T00:00:00,985,48146,19,61
224,2012-06-05T00:00:00,40,148748,17,142
225,2012-05-26T00:00:00,245,400736,4,145
226,2012-02-16T00:00:00,519,569913,5,214
227,2012-08-02T00:00:00,517,591862,18,116
228,2012-07-25T00:00:00,601,114951,3,168
229,2012-06-05T00:00:00,249,469408,16,123
230,2012-08-22T00:00:00,546,342695,6,210
231,2012-01-07T00:00:00,415,68259,6,135
232,2012-05-10T00:00:00,558,218004,5,213
233,2012-11-10T00:00:00,77,18428,15,77
234,2012-05-02T00:00:00,70,143976,17,248
235,2012-01-01T00:00:00,443,366018,10,143
236,2012-01-31T00:00:00,578,438523,16,259
237,2012-05-12T00:00:00,456,72157,2,127
238,2012-02-18T00:00:00,295,152386,9,95
239,2012-06-19T00:00:00,108,430233,20,218
240,2012-12-14T00:00:00,3,81889,13,184
241,2012-04-06T00:00:00,702,566626,13,274
242,2012-01-19T00:00:00,303,555192,11,191
243,2012-07-27T00:00:00,422,62481,2,174
244,2012-09-07T00:00:00,260,277572,4,145
245,2012-09-23T00:00:00,822,135443,15,61
246,2012-08-22T00:00:00,969,472936,12,195
247,2012-05-20T00:00:00,212,437885,0,198
248,2012-11-30T00:00:00,596,556894,1,239
249,2012-09-25T00:00:00,227,80938,8,131
250,2012-01-09T00:00:00,919,573570,19,68
251,2012-03-09T00:00:00,91,425090,14,109
252,2012-06-25T00:00:00,629,553123,8,249
253,2012-07-17T00:00:00,127,322553,9,59
254,2012-01-07T00:00:00,356,563863,20,196
255,2012-11-10T00:00:00,318,267645,20,116
256,2012-08-18T00:00:00,965,370631,11,181
257,2012-03-23T00:00:00,851,121646,16,66
258,2012-10-17T00:00:00,283,335310,3,131
259,2012-06-11T00:00:00,752,291399,12,269
260,2012-06-05T00:00:00,793,151986,14,263
261,2012-11-02T00:00:00,160,429006,15,149
262,2012-02-14T00:00:00,478,66505,20,38
263,2012-08-12T00:00:00,893,142237,20,179
264,2012-03-31T00:00:00,701,420217,13,253
265,2012-02-02T00:00:00,170,468878,11,16
266,2012-09-01T00:00:00,240,28366,6,203
267,2012-10-09T00:00:00,409,159044,2,283
268,2012-08-04T00:00:00,197,460331,15,285
269,2012-03-25T00:00:00,463,270163,15,140
270,2012-08-02T00:00:00,332,397857,20,131
271,2012-11-14T00:00:00,503,581189,17,186
272,2012-06-05T00:00:00,871,576194,0,53
273,2012-06-21T00:00:00,484,222880,9,66
274,2012-01-27T00:00:00,411,176856,18,132
275,2012-08-08T00:00:00,883,362252,19,216
276,2012-09-07T00:00:00,407,220882,7,182
277,2012-07-07T00:00:00,785,381573,1,38
278,2012-06-17T00:00:00,58,567473,19,159
279,2012-01-05T00:00:00,728,216098,15,42
280,2012-10-23T00:00:00,705,464779,15,257
281,2012-08-16T00:00:00,216,504598,1,17
282,2012-12-26T00:00:00,58,339116,20,27
283,2012-04-08T00:00:00,12,306478,16,85
284,2012-05-18T00:00:00,851,152230,14,81
285,2012-01-15T00:00:00,794,464501,13,211
286,2012-02-16T00:00:00,30,217940,2,140
287,2012-01-03T00:00:00,191,209382,5,198
288,2012-02-26T00:00:00,569,267780,15,76
289,2012-09-07T00:00:00,994,362411,4,238
290,2012-11-26T00:00:00,625,395152,12,133
291,2012-12-06T00:00:00,847,91412,14,68
292,2012-04-16T00:00:00,54,518953,5,106
293,2012-09-09T00:00:00,367,261481,16,248
294,2012-10-17T00:00:00,893,563531,20,210
295,2012-11-18T00:00:00,239,158797,13,205
296,2012-03-25T00:00:00,802,424451,11,153
297,2012-07-27T00:00:00,958,292207,6,85
298,2012-05-12T00:00:00,164,520218,10,163
299,2012-02-04T00:00:00,947,448441,12,84
300,2012-11-10T00:00:00,262,465725,8,255
301,2012-02-24T00:00:00,54,566071,17,79
302,2012-11-14T00:00:00,483,356935,5,171
303,2012-06-19T00:00:00,590,342069,19,80
304,2012-10-19T00:00:00,842,260675,20,210
305,2012-07-27T00:00:00,899,312560,16,61
306,2012-09-09T00:00:00,114,51351,10,138
307,2012-10-05T00:00:00,149,4758,7,196
308,2012-08-08T00:00:00,927,596906,8,175
309,2012-11-12T00:00:00,748,350470,18,265
310,2012-12-28T00:00:00,534,199055,5,19
311,2012-06-29T00:00:00,649,552096,18,273
312,2012-08-20T00:00:00,653,166654,13,24
313,2012-09-05T00:00:00,157,141189,0,221
314,2012-10-31T00:00:00,535,374253,13,227
315,2012-12-14T00:00:00,928,456023,13,108
316,2012-09-29T00:00:00,919,173885,4,206
317,2012-05-04T00:00:00,725,42296,6,101
318,2012-04-22T00:00:00,283,39474,2,100
319,2012-10-05T00:00:00,580,92772,13,101
320,2012-12-02T00:00:00,450,247021,17,167
321,2012-12-20T00:00:00,769,144498,14,156
322,2012-10-05T00:00:00,113,230169,6,127
323,2012-10-21T00:00:00,659,326114,0,237
324,2012-11-14T00:00:00,226,437146,20,41
325,2012-08-22T00:00:00,807,229805,5,199
326,2012-06-27T00:00:00,262,68584,12,18
327,2012-05-16T00:00:00,518,22599,18,133
328,2012-10-05T00:00:00,221,407362,1,185
329,2012-02-16T00:00:00,627,36942,2,241
330,2012-08-18T00:00:00,739,566543,18,75
331,2012-12-18T00:00:00,354,208053,15,264
332,2012-11-30T00:00:00,581,318221,19,121
333,2012-07-25T00:00:00,694,29731,14,141
334,2012-09-05T00:00:00,813,193466,17,203
335,2012-08-10T00:00:00,762,457157,1,33
336,2012-06-19T00:00:00,370,263671,7,155
337,2012-02-04T00:00:00,730,19672,20,198
338,2012-03-19T00:00:00,356,331226,15,296
339,2012-01-23T00:00:00,378,29967,14,251
340,2012-03-23T00:00:00,134,310987,0,80
341,2012-01-07T00:00:00,776,462062,13,2
342,2012-02-08T00:00:00,716,33431,13,67
343,2012-05-24T00:00:00,645,587289,1,167
344,2012-11-18T00:00:00,696,11079,6,250
345,2012-09-17T00:00:00,10,253545,7,228
346,2012-09-07T00:00:00,879,426072,18,115
347,2012-12-08T00:00:00,441,249703,19,85
348,2012-09-21T00:00:00,121,142527,13,222
349,2012-04-06T00:00:00,977,541903,20,122
350,2012-12-26T00:00:00,321,594348,6,132
351,2012-11-06T00:00:00,110,161277,13,227
352,2012-11-28T00:00:00,474,361932,20,139
353,2012-11-06T00:00:00,536,237847,17,16
354,2012-06-29T00:00:00,3,445795,0,21
355,2012-10-11T00:00:00,35,34836,17,137
356,2012-10-29T00:00:00,828,122005,19,1
357,2012-08-22T00:00:00,342,162863,1,295
358,2012-11-28T00:00:00,433,374667,14,39
359,2012-07-31T00:00:00,112,95058,11,259
360,2012-03-19T00:00:00,630,283857,5,54
361,2012-12-28T00:00:00,768,366141,4,126
362,2012-12-26T00:00:00,68,578867,1,271
363,2012-01-27T00:00:00,477,93248,13,11
364,2012-01-03T00:00:00,83,546617,6,108
365,2012-02-28T00:00:00,678,514291,2,209
366,2012-05-20T00:00:00,472,474288,13,156
367,2012-08-08T00:00:00,714,240618,15,184
368,2012-04-10T00:00:00,465,54613,11,21
369,2012-09-01T00:00:00,465,228695,11,173
370,2012-09-29T00:00:00,895,337130,7,14
371,2012-07-17T00:00:00,796,332848,10,107
372,2012-04-24T00:00:00,859,419141,5,266
373,2012-01-13T00:00:00,243,569452,7,237
374,2012-02-16T00:00:00,532,336140,13,40
375,2012-06-17T00:00:00,718,373048,19,110
376,2012-03-11T00:00:00,160,209525,5,93
377,2012-09-07T00:00:00,103,10442,3,261
378,2012-09-23T00:00:00,561,202444,7,75
379,2012-09-27T00:00:00,70,367501,5,92
380,2012-05-10T00:00:00,690,578956,19,159
381,2012-03-17T00:00:00,733,267462,3,37
382,2012-07-11T00:00:00,226,592483,14,9
383,2012-02-24T00:00:00,596,388193,12,171
384,2012-04-04T00:00:00,328,157790,1,22
385,2012-01-05T00:00:00,639,593428,11,294
386,2012-08-10T00:00:00,400,191097,19,3
387,2012-06-09T00:00:00,599,177917,6,51
388,2012-01-29T00:00:00,468,23957,11,52
389,2012-01-27T00:00:00,534,274994,7,46
390,2012-02-24T00:00:00,38,255742,0,87
391,2012-11-26T00:00:00,63,582455,2,64
392,2012-07-31T00:00:00,598,324615,8,295
393,2012-08-18T00:00:00,894,356418,9,266
394,2012-02-08T00:00:00,975,85644,2,251
395,2012-09-07T00:00:00,324,346084,13,295
396,2012-03-17T00:00:00,647,203097,18,227
397,2012-09-25T00:00:00,694,314039,9,119
398,2012-09-07T00:00:00,390,98515,3,148
399,2012-10-03T00:00:00,510,522414,3,133
400,2012-05-20T00:00:00,838,273689,2,19
401,2012-03-17T00:00:00,281,594967,1,207
402,2012-08-22T00:00:00,565,390302,18,224
403,2012-11-18T00:00:00,306,324292,20,82
404,2012-08-16T00:00:00,871,340570,9,184
405,2012-12-20T00:00:00,815,423216,6,111
406,2012-01-25T00:00:00,103,348752,17,245
407,2012-10-19T00:00:00,28,567166,1,152
408,2012-06-25T00:00:00,567,200536,5,128
409,2012-02-10T00:00:00,901,336633,14,128
410,2012-06-27T00:00:00,637,40223,12,151
411,2012-09-09T00:00:00,143,292491,9,58
412,2012-03-15T00:00:00,185,164429,18,216
413,2012-11-12T00:00:00,417,235434,1,71
414,2012-01-13T00:00:00,997,280026,20,2
415,2012-03-23T00:00:00,566,554495,19,93
416,2012-12-28T00:00:00,884,251517,20,78
417,2012-04-30T00:00:00,527,393032,14,243
418,2012-12-28T00:00:00,574,157701,2,273
419,2012-11-14T00:00:00,551,34311,0,43
420,2012-10-17T00:00:00,379,138931,10,152
421,2012-08-22T00:00:00,478,592087,17,222
422,2012-10-19T00:00:00,622,69185,12,212
423,2012-06-15T00:00:00,283,472272,18,75
424,2012-06-07T00:00:00,484,473301,11,268
425,2012-11-02T00:00:00,836,107352,17,241
426,2012-12-28T00:00:00,956,240787,6,175
427,2012-08-14T00:00:00,727,417244,4,2
428,2012-10-25T00:00:00,729,157076,20,102
429,2012-03-29T00:00:00,166,284172,8,92
430,2012-10-01T00:00:00,470,544682,6,221
431,2012-09-19T00:00:00,174,581254,14,52
432,2012-12-12T00:00:00,266,569528,8,269
433,2012-11-14T00:00:00,849,387403,2,38
434,2012-09-17T00:00:00,381,57715,7,279
435,2012-06-07T00:00:00,349,484325,17,76
436,2012-03-21T00:00:00,440,34789,5,2
437,2012-12-22T00:00:00,724,581317,19,59
438,2012-08-04T00:00:00,715,575586,9,154
439,2012-08-16T00:00:00,373,495636,14,300
440,2012-04-10T00:00:00,212,492643,15,7
441,2012-12-08T00:00:00,27,228156,3,209
442,2012-07-01T00:00:00,348,12312,19,268
443,2012-03-23T00:00:00,380,553637,4,222
444,2012-05-28T00:00:00,158,55138,12,273
445,2012-03-17T00:00:00,917,79473,0,214
446,2012-01-17T00:00:00,642,304360,9,247
447,2012-06-15T00:00:00,269,39346,14,262
448,2012-05-02T00:00:00,935,306248,16,211
449,2012-08-22T00:00:00,895,174987,9,170
450,2012-01-05T00:00:00,703,287521,17,236
451,2012-02-22T00:00:00,283,529403,19,49
452,2012-12-28T00:00:00,760,166944,0,221
453,2012-06-03T00:00:00,327,484139,20,58
454,2012-03-25T00:00:00,120,496882,11,34
455,2012-06-13T00:00:00,498,564624,5,188
456,2012-11-16T00:00:00,280,556699,17,225
457,2012-02-28T00:00:00,714,27121,18,145
458,2012-09-15T00:00:00,484,444013,14,144
459,2012-07-11T00:00:00,847,564039,5,247
460,2012-10-03T00:00:00,457,371172,5,214
461,2012-06-09T00:00:00,894,588295,12,206
462,2012-04-18T00:00:00,49,72861,4,171
463,2012-06-01T00:00:00,395,553831,12,270
464,2012-09-01T00:00:00,35,8179,8,179
465,2012-12-08T00:00:00,705,550260,15,4
466,2012-08-16T00:00:00,775,404291,15,37
467,2012-06-13T00:00:00,203,139581,7,75
468,2012-10-31T00:00:00,256,359032,11,189
469,2012-08-30T00:00:00,344,150222,0,113
470,2012-08-10T00:00:00,362,325939,2,259
471,2012-06-01T00:00:00,275,364441,12,98
472,2012-01-09T00:00:00,567,564258,7,118
473,2012-06-13T00:00:00,841,280465,18,245
474,2012-05-12T00:00:00,245,493013,18,81
475,2012-03-17T00:00:00,734,57939,15,216
476,2012-06-09T00:00:00,610,504215,5,255
477,2012-08-28T00:00:00,306,439316,3,240
478,2012-04-10T00:00:00,274,207425,18,177
479,2012-11-10T00:00:00,135,373627,20,21
480,2012-03-07T00:00:00,496,291504,6,131
481,2012-02-06T00:00:00,343,91611,10,119
482,2012-09-15T00:00:00,483,387285,18,263
483,2012-06-01T00:00:00,812,17881,13,30
484,2012-11-02T00:00:00,91,510719,20,253
485,2012-07-15T00:00:00,504,531901,5,123
486,2012-06-01T00:00:00,532,140381,5,151
487,2012-02-18T00:00:00,294,204729,1,227
488,2012-01-29T00:00:00,714,326190,6,207
489,2012-03-05T00:00:00,128,104371,16,204
490,2012-01-31T00:00:00,534,147015,5,245
491,2012-01-15T00:00:00,515,152342,3,182
492,2012-08-02T00:00:00,8,464442,15,261
493,2012-01-15T00:00:00,39,426998,14,143
494,2012-04-12T00:00:00,357,288862,11,24
495,2012-10-09T00:00:00,611,528220,15,78
496,2012-04-10T00:00:00,531,199687,7,2
497,2012-09-15T00:00:00,793,146534,4,213
498,2012-03-29T00:00:00,763,366018,10,200
499,2012-07-07T00:00:00,126,70478,19,157
500,2012-08-24T00:00:00,543,522886,18,83
501,2012-05-12T00:00:00,101,37048,2,162
502,2012-06-15T00:00:00,468,387917,10,9
503,2012-06-21T00:00:00,549,62093,16,239
504,2012-09-27T00:00:00,440,13306,16,210
505,2012-01-21T00:00:00,863,492041,4,30
506,2012-08-14T00:00:00,104,298240,11,270
507,2012-11-06T00:00:00,372,30520,7,184
508,2012-09-09T00:00:00,284,485191,9,273
509,2012-08-20T00:00:00,302,486919,7,192
510,2012-02-24T00:00:00,292,32049,0,214
511,2012-01-07T00:00:00,270,111309,8,182
512,2012-10-27T00:00:00,455,510312,1,44
513,2012-07-23T00:00:00,271,217418,14,242
514,2012-11-26T00:00:00,160,452050,18,98
515,2012-01-01T00:00:00,993,287149,13,77
516,2012-02-24T00:00:00,252,370512,4,238
517,2012-11-12T00:00:00,216,318338,5,55
518,2012-03-03T00:00:00,450,285069,13,213
519,2012-10-29T00:00:00,814,585000,20,53
520,2012-10-05T00:00:00,427,88110,14,257
521,2012-04-14T00:00:00,694,56978,17,281
522,2012-11-02T00:00:00,634,583789,15,262
523,2012-06-25T00:00:00,451,483298,20,99
524,2012-01-03T00:00:00,413,580824,11,13
525,2012-12-30T00:00:00,344,75870,20,2
526,2012-06-11T00:00:00,228,441764,19,142
527,2012-01-31T00:00:00,929,462950,11,160
528,2012-09-29T00:00:00,761,383443,9,277
529,2012-02-10T00:00:00,809,538006,9,299
530,2012-07-03T00:00:00,682,1635,20,276
531,2012-11-10T00:00:00,909,30878,1,193
532,2012-03-05T00:00:00,515,496624,0,218
533,2012-07-07T00:00:00,98,325462,13,181
534,2012-11-02T00:00:00,591,267407,0,239
535,2012-04-28T00:00:00,91,193567,16,217
536,2012-09-01T00:00:00,776,581740,14,246
537,2012-09-21T00:00:00,126,374788,3,6
538,2012-05-08T00:00:00,389,355002,15,99
539,2012-05-08T00:00:00,846,83314,11,15
540,2012-12-18T00:00:00,4,107334,8,147
541,2012-11-30T00:00:00,748,471083,18,34
542,2012-04-14T00:00:00,504,399750,10,156
543,2012-06-17T00:00:00,514,483346,17,105
544,2012-07-11T00:00:00,36,251140,14,173
545,2012-01-23T00:00:00,48,22946,19,40
546,2012-11-06T00:00:00,48,475278,18,209
547,2012-01-29T00:00:00,771,25279,7,298
548,2012-10-01T00:00:00,924,298382,2,243
549,2012-07-11T00:00:00,330,161453,20,40
550,2012-07-13T00:00:00,923,255187,13,203
551,2012-06-15T00:00:00,290,381371,0,213
552,2012-09-13T00:00:00,521,137426,20,251
553,2012-12-20T00:00:00,589,80507,13,260
554,2012-07-29T00:00:00,824,373578,8,44
555,2012-08-10T00:00:00,431,490679,3,71
556,2012-05-14T00:00:00,8,419126,0,237
557,2012-03-21T00:00:00,33,130266,15,40
558,2012-01-29T00:00:00,589,446895,18,84
559,2012-09-07T00:00:00,706,573204,7,125
560,2012-09-19T00:00:00,742,451907,12,40
561,2012-09-01T00:00:00,426,81740,11,296
562,2012-10-13T00:00:00,51,208191,0,151
563,2012-11-02T00:00:00,937,18656,8,47
564,2012-02-04T00:00:00,726,458589,4,33
565,2012-06-13T00:00:00,911,228680,19,74
566,2012-03-21T00:00:00,125,534696,15,89
567,2012-04-10T00:00:00,157,178346,9,266
568,2012-11-08T00:00:00,358,370618,18,198
569,2012-11-28T00:00:00,292,307937,5,13
570,2012-05-16T00:00:00,700,202614,18,233
571,2012-04-22T00:00:00,309,278970,9,240
572,2012-04-04T00:00:00,282,167228,19,25
573,2012-03-15T00:00:00,849,587224,19,99
574,2012-02-28T00:00:00,254,298615,14,30
575,2012-02-14T00:00:00,889,308325,13,219
576,2012-08-22T00:00:00,223,108023,7,218
577,2012-01-05T00:00:00,585,119521,15,239
578,2012-12-08T00:00:00,130,448813,6,253
579,2012-10-25T00:00:00,688,588506,9,221
580,2012-12-26T00:00:00,465,229699,16,57
581,2012-10-09T00:00:00,771,65470,1,21
582,2012-04-28T00:00:00,69,495199,14,65
583,2012-11-16T00:00:00,691,574165,18,275
584,2012-07-21T00:00:00,383,415941,16,273
585,2012-10-17T00:00:00,508,45102,2,277
586,2012-07-25T00:00:00,801,127219,1,38
587,2012-07-17T00:00:00,488,499700,10,73
588,2012-12-08T00:00:00,833,543107,19,150
589,2012-12-10T00:00:00,443,211576,16,252
590,2012-07-31T00:00:00,609,140505,9,230
591,2012-04-24T00:00:00,664,210385,0,71
592,2012-06-23T00:00:00,337,236997,19,28
593,2012-12-14T00:00:00,563,295847,1,167
594,2012-04-08T00:00:00,294,554946,5,179
595,2012-07-07T00:00:00,232,298353,11,168
596,2012-11-14T00:00:00,887,363388,19,217
597,2012-08-08T00:00:00,205,211409,18,185
598,2012-05-28T00:00:00,173,77043,11,183
599,2012-06-25T00:00:00,732,367657,14,202
600,2012-03-21T00:00:00,282,20217,4,75
601,2012-05-08T00:00:00,427,397835,7,157
602,2012-11-28T00:00:00,86,537089,17,79
603,2012-03-11T00:00:00,312,147069,7,263
604,2012-09-21T00:00:00,806,286646,12,147
605,2012-06-17T00:00:00,790,470750,0,10
606,2012-09-27T00:00:00,430,108631,0,5
607,2012-12-10T00:00:00,885,136652,20,191
608,2012-08-12T00:00:00,801,125149,17,60
609,2012-08-14T00:00:00,378,438659,6,229
610,2012-11-08T00:00:00,742,434553,20,17
611,2012-06-11T00:00:00,930,226051,3,187
612,2012-03-17T00:00:00,669,433158,18,42
613,2012-08-06T00:00:00,693,467035,10,107
614,2012-10-27T00:00:00,435,578503,16,220
615,2012-07-01T00:00:00,512,398885,9,203
616,2012-02-20T00:00:00,242,475225,3,96
617,2012-07-17T00:00:00,539,97276,20,117
618,2012-04-16T00:00:00,828,314250,14,212
619,2012-12-20T00:00:00,308,288503,5,145
620,2012-04-16T00:00:00,65,100533,20,258
621,2012-01-23T00:00:00,548,191906,15,105
622,2012-11-24T00:00:00,790,148094,20,141
623,2012-03-01T00:00:00,729,450439,13,4
624,2012-09-15T00:00:00,337,282472,18,259
625,2012-03-09T00:00:00,484,598525,3,72
626,2012-09-21T00:00:00,971,5432,8,95
627,2012-09-29T00:00:00,892,511302,13,286
628,2012-03-19T00:00:00,622,201156,9,89
629,2012-05-02T00:00:00,515,21209,11,114
630,2012-06-21T00:00:00,151,214101,3,18
631,2012-01-07T00:00:00,503,389651,14,111
632,2012-05-10T00:00:00,677,255225,3,256
633,2012-06-01T00:00:00,267,300232,1,280
634,2012-12-16T00:00:00,178,97445,15,253
635,2012-08-06T00:00:00,142,63804,9,48
636,2012-05-10T00:00:00,105,485722,14,234
637,2012-08-08T00:00:00,292,404147,13,239
638,2012-10-11T00:00:00,337,70014,18,31
639,2012-06-15T00:00:00,773,312805,8,77
640,2012-06-17T00:00:00,817,29690,12,282
641,2012-11-14T00:00:00,723,115510,10,82
642,2012-04-10T00:00:00,893,346641,5,213
643,2012-12-02T00:00:00,736,521133,15,179
644,2012-03-31T00:00:00,360,580149,10,12
645,2012-04-10T00:00:00,439,210482,2,136
646,2012-04-12T00:00:00,394,451520,19,186
647,2012-09-15T00:00:00,785,54114,14,114
648,2012-12-20T00:00:00,971,30551,12,283
649,2012-06-05T00:00:00,714,307499,7,251
650,2012-09-29T00:00:00,945,81232,1,42
651,2012-02-28T00:00:00,86,169241,5,171
652,2012-09-25T00:00:00,575,326318,17,191
653,2012-03-05T00:00:00,974,39796,4,278
654,2012-11-16T00:00:00,446,349111,17,72
655,2012-01-27T00:00:00,224,434161,16,200
656,2012-06-13T00:00:00,577,362251,7,199
657,2012-04-14T00:00:00,494,356626,5,243
658,2012-07-29T00:00:00,483,546708,18,151
659,2012-06-25T00:00:00,300,537360,9,259
660,2012-06-05T00:00:00,419,430512,10,109
661,2012-01-29T00:00:00,641,446852,9,138
662,2012-12-26T00:00:00,715,564271,11,21
663,2012-09-29T00:00:00,878,398103,1,87
664,2012-09-23T00:00:00,318,192023,11,53
665,2012-02-24T00:00:00,714,83523,16,265
666,2012-03-17T00:00:00,376,370540,0,275
667,2012-07-11T00:00:00,218,473147,7,79
668,2012-03-03T00:00:00,418,101731,3,169
669,2012-11-24T00:00:00,242,218669,12,182
670,2012-12-12T00:00:00,502,89584,1,270
671,2012-01-17T00:00:00,937,214858,18,81
672,2012-05-08T00:00:00,487,370990,1,132
673,2012-08-24T00:00:00,429,147767,15,204
674,2012-09-09T00:00:00,550,64045,20,206
675,2012-03-17T00:00:00,802,51796,12,141
676,2012-12-20T00:00:00,376,514999,17,246
677,2012-11-16T00:00:00,665,68458,10,26
678,2012-03-13T00:00:00,179,28525,11,157
679,2012-11-08T00:00:00,582,430718,12,119
680,2012-08-26T00:00:00,531,575666,17,50
681,2012-08-12T00:00:00,346,230857,18,179
682,2012-09-29T00:00:00,656,535006,7,28
683,2012-10-11T00:00:00,59,535731,17,48
684,2012-10-11T00:00:00,491,383762,7,28
685,2012-07-19T00:00:00,801,12839,17,76
686,2012-10-15T00:00:00,176,328821,14,87
687,2012-10-31T00:00:00,962,155054,12,41
688,2012-07-17T00:00:00,918,532528,10,295
689,2012-09-05T00:00:00,832,147336,6,65
690,2012-07-07T00:00:00,965,520007,16,240
691,2012-05-04T00:00:00,425,593793,18,139
692,2012-06-11T00:00:00,63,467395,3,121
693,2012-02-12T00:00:00,247,95308,8,288
694,2012-05-12T00:00:00,338,582854,20,188
695,2012-09-11T00:00:00,985,318726,10,133
696,2012-03-09T00:00:00,653,247542,16,2
697,2012-09-01T00:00:00,226,237744,18,4
698,2012-03-21T00:00:00,729,483000,12,138
699,2012-09-27T00:00:00,385,100445,14,257
700,2012-11-06T00:00:00,889,95584,20,284
701,2012-04-22T00:00:00,73,362185,8,100
702,2012-12-20T00:00:00,277,174536,17,173
703,2012-06-01T00:00:00,18,570655,7,284
704,2012-09-05T00:00:00,204,500422,1,222
705,2012-06-17T00:00:00,191,319249,11,121
706,2012-04-04T00:00:00,857,308897,2,282
707,2012-06-05T00:00:00,497,477410,0,49
708,2012-10-29T00:00:00,863,41674,12,280
709,2012-04-26T00:00:00,283,570521,9,64
710,2012-09-23T00:00:00,71,60954,18,252
711,2012-01-07T00:00:00,144,323008,7,206
712,2012-07-15T00:00:00,857,461899,12,17
713,2012-01-25T00:00:00,826,175507,12,285
714,2012-09-21T00:00:00,322,130939,2,111
715,2012-07-15T00:00:00,756,312242,19,163
716,2012-12-24T00:00:00,869,250818,14,250
717,2012-11-02T00:00:00,787,183630,17,5
718,2012-09-05T00:00:00,357,371572,20,254
719,2012-12-30T00:00:00,57,124352,15,61
720,2012-04-16T00:00:00,234,545822,2,220
721,2012-12-02T00:00:00,666,543971,7,201
722,2012-04-02T00:00:00,537,196792,16,125
723,2012-04-08T00:00:00,274,436105,1,228
724,2012-09-05T00:00:00,337,565777,9,257
725,2012-12-22T00:00:00,461,224888,8,212
726,2012-10-09T00:00:00,579,19464,3,3
727,2012-08-08T00:00:00,353,12935,16,181
728,2012-11-10T00:00:00,866,119342,19,223
729,2012-09-15T00:00:00,362,5979,19,142
730,2012-06-11T00:00:00,211,35273,20,37
731,2012-11-22T00:00:00,189,101802,10,209
732,2012-01-21T00:00:00,447,167583,0,288
733,2012-10-13T00:00:00,719,493934,10,43
734,2012-05-14T00:00:00,615,48341,14,45
735,2012-01-07T00:00:00,734,269621,5,24
736,2012-02-28T00:00:00,495,412935,6,25
737,2012-04-24T00:00:00,217,170595,16,104
738,2012-11-28T00:00:00,846,538710,18,35
739,2012-01-03T00:00:00,331,544945,15,300
740,2012-07-21T00:00:00,844,949,5,63
741,2012-01-09T00:00:00,734,471564,1,239
742,2012-12-02T00:00:00,469,547338,2,224
743,2012-03-15T00:00:00,390,442847,20,111
744,2012-10-09T00:00:00,838,61591,11,97
745,2012-07-23T00:00:00,82,439789,15,150
746,2012-10-03T00:00:00,190,185621,4,286
747,2012-04-02T00:00:00,754,541923,0,100
748,2012-10-17T00:00:00,934,86451,17,27
749,2012-01-03T00:00:00,958,299774,9,172
750,2012-11-06T00:00:00,539,493842,11,262
751,2012-12-30T00:00:00,259,172720,20,187
752,2012-07-19T00:00:00,652,39964,2,157
753,2012-06-21T00:00:00,140,517748,7,291
754,2012-02-10T00:00:00,239,232609,16,142
755,2012-09-17T00:00:00,310,126169,10,164
756,2012-06-19T00:00:00,617,154428,1,42
757,2012-10-03T00:00:00,844,87311,19,147
758,2012-01-01T00:00:00,150,48782,14,159
759,2012-04-20T00:00:00,765,75534,5,284
760,2012-03-27T00:00:00,69,498369,15,9
761,2012-12-26T00:00:00,514,395393,7,66
762,2012-12-12T00:00:00,144,281529,18,28
763,2012-05-22T00:00:00,965,587424,1,156
764,2012-12-10T00:00:00,387,219420,1,192
765,2012-05-02T00:00:00,718,217631,11,90
766,2012-07-29T00:00:00,563,159211,17,268
767,2012-04-14T00:00:00,639,401388,14,12
768,2012-06-27T00:00:00,104,564693,18,191
769,2012-10-21T00:00:00,947,41669,3,122
770,2012-11-16T00:00:00,110,113513,20,1
771,2012-02-20T00:00:00,274,368664,10,84
772,2012-08-26T00:00:00,896,472625,14,198
773,2012-12-12T00:00:00,529,450664,1,281
774,2012-01-11T00:00:00,798,147415,20,100
775,2012-09-25T00:00:00,824,549854,10,131
776,2012-06-25T00:00:00,608,434279,4,201
777,2012-08-12T00:00:00,539,591709,17,161
778,2012-09-03T00:00:00,292,140347,3,37
779,2012-10-21T00:00:00,732,59542,12,216
780,2012-10-09T00:00:00,37,213190,2,17
781,2012-05-28T00:00:00,825,467929,14,205
782,2012-08-18T00:00:00,324,354199,4,129
783,2012-05-16T00:00:00,178,404291,16,267
784,2012-01-03T00:00:00,12,147341,20,109
785,2012-08-02T00:00:00,902,333741,1,60
786,2012-02-14T00:00:00,424,552825,10,263
787,2012-05-10T00:00:00,920,294963,1,174
788,2012-03-03T00:00:00,912,215910,18,123
789,2012-09-27T00:00:00,931,597354,5,164
790,2012-09-27T00:00:00,844,95468,20,259
791,2012-12-26T00:00:00,381,284700,9,61
792,2012-03-01T00:00:00,207,299096,18,155
793,2012-08-24T00:00:00,163,279208,16,284
794,2012-01-27T00:00:00,176,3484,6,279
795,2012-01-07T00:00:00,105,599298,16,152
796,2012-08-18T00:00:00,309,60044,12,56
797,2012-09-19T00:00:00,485,558537,18,142
798,2012-10-25T00:00:00,161,437037,2,148
799,2012-06-07T00:00:00,5,97489,1,41
800,2012-05-02T00:00:00,535,122144,6,143
801,2012-05-16T00:00:00,446,51643,5,117
802,2012-05-10T00:00:00,471,370971,11,22
803,2012-07-27T00:00:00,38,242340,7,200
804,2012-07-19T00:00:00,201,454155,14,85
805,2012-05-08T00:00:00,788,436285,18,192
806,2012-05-18T00:00:00,336,454877,6,292
807,2012-06-05T00:00:00,742,291999,14,265
808,2012-12-28T00:00:00,809,376835,16,197
809,2012-10-27T00:00:00,747,259564,19,94
810,2012-05-18T00:00:00,932,157258,3,185
811,2012-10-01T00:00:00,75,232194,7,33
812,2012-06-11T00:00:00,738,163718,2,215
813,2012-08-06T00:00:00,228,21390,15,172
814,2012-02-06T00:00:00,816,260853,19,229
815,2012-05-06T00:00:00,286,457013,4,89
816,2012-09-13T00:00:00,450,581389,1,79
817,2012-04-04T00:00:00,545,430652,9,2
818,2012-07-19T00:00:00,891,452908,3,265
819,2012-07-31T00:00:00,557,465984,8,118
820,2012-03-31T00:00:00,908,157449,14,144
821,2012-02-26T00:00:00,843,118684,11,219
822,2012-06-09T00:00:00,75,11841,18,87
823,2012-11-24T00:00:00,570,348060,18,152
824,2012-03-01T00:00:00,935,313782,10,169
825,2012-04-28T00:00:00,836,310508,1,64
826,2012-03-15T00:00:00,185,146049,0,151
827,2012-06-07T00:00:00,289,296941,0,191
828,2012-03-01T00:00:00,909,227255,15,88
829,2012-11-30T00:00:00,573,551668,11,88
830,2012-03-11T00:00:00,977,76420,18,61
831,2012-07-19T00:00:00,374,392347,20,140
832,2012-11-26T00:00:00,357,493995,20,90
833,2012-10-07T00:00:00,465,470020,0,7
834,2012-12-18T00:00:00,851,358737,2,272
835,2012-09-23T00:00:00,749,342758,15,185
836,2012-11-24T00:00:00,521,488248,2,40
837,2012-03-01T00:00:00,319,483223,4,223
838,2012-10-17T00:00:00,701,170075,2,88
839,2012-10-03T00:00:00,728,349278,5,21
840,2012-11-22T00:00:00,968,309157,19,45
841,2012-02-06T00:00:00,28,85160,0,297
842,2012-12-08T00:00:00,639,215751,7,253
843,2012-05-06T00:00:00,813,175944,7,133
844,2012-12-20T00:00:00,293,40063,15,134
845,2012-05-06T00:00:00,359,484811,2,250
846,2012-09-11T00:00:00,373,402800,15,122
847,2012-12-12T00:00:00,581,280674,4,118
848,2012-02-20T00:00:00,383,162526,19,84
849,2012-06-01T00:00:00,740,376458,16,71
850,2012-12-16T00:00:00,752,409785,11,163
851,2012-04-24T00:00:00,263,95127,5,120
852,2012-06-27T00:00:00,895,531603,3,146
853,2012-04-06T00:00:00,34,393911,5,132
854,2012-06-29T00:00:00,677,225468,15,251
855,2012-10-01T00:00:00,426,16846,19,17
856,2012-04-14T00:00:00,981,139346,17,192
857,2012-04-10T00:00:00,213,430193,8,50
858,2012-08-14T00:00:00,77,248109,20,91
859,2012-10-29T00:00:00,414,461975,1,248
860,2012-01-11T00:00:00,291,130985,7,53
861,2012-07-05T00:00:00,908,29789,11,17
862,2012-07-09T00:00:00,787,148433,1,29
863,2012-06-29T00:00:00,996,235172,15,6
864,2012-11-24T00:00:00,824,345224,2,49
865,2012-09-25T00:00:00,36,551683,7,227
866,2012-10-13T00:00:00,266,98639,0,186
867,2012-08-14T00:00:00,857,351682,16,29
868,2012-11-06T00:00:00,423,237694,17,52
869,2012-05-08T00:00:00,571,15677,6,283
870,2012-02-28T00:00:00,588,523427,9,256
871,2012-01-27T00:00:00,511,281334,17,55
872,2012-11-28T00:00:00,902,121721,3,14
873,2012-11-14T00:00:00,590,339528,5,95
874,2012-04-18T00:00:00,60,193291,6,217
875,2012-09-11T00:00:00,604,108693,14,195
876,2012-09-19T00:00:00,719,479457,16,128
877,2012-03-05T00:00:00,971,466734,0,6
878,2012-10-07T00:00:00,613,108852,11,282
879,2012-08-12T00:00:00,369,188858,2,65
880,2012-02-12T00:00:00,842,297975,2,202
881,2012-06-25T00:00:00,847,225501,11,127
882,2012-01-21T00:00:00,264,96462,14,233
883,2012-11-08T00:00:00,140,484935,3,93
884,2012-08-26T00:00:00,984,547543,2,159
885,2012-02-16T00:00:00,650,93559,19,199
886,2012-12-20T00:00:00,658,368189,12,200
887,2012-05-28T00:00:00,479,545530,20,204
888,2012-11-20T00:00:00,986,15755,11,255
889,2012-07-05T00:00:00,278,290400,6,279
890,2012-07-11T00:00:00,675,161611,3,175
891,2012-04-20T00:00:00,751,164328,8,127
892,2012-11-26T00:00:00,40,264368,12,265
893,2012-04-24T00:00:00,988,143374,3,52
894,2012-06-21T00:00:00,80,489005,16,278
895,2012-10-11T00:00:00,70,592667,1,274
896,2012-08-04T00:00:00,866,518530,0,117
897,2012-12-02T00:00:00,199,133357,13,134
898,2012-04-22T00:00:00,602,80942,16,196
899,2012-12-10T00:00:00,353,206387,16,22
900,2012-09-15T00:00:00,299,257273,15,52
901,2012-05-26T00:00:00,359,359797,2,298
902,2012-03-03T00:00:00,973,216188,7,281
903,2012-01-25T00:00:00,738,169409,2,12
904,2012-12-10T00:00:00,505,2583,14,295
905,2012-07-19T00:00:00,543,397403,19,63
906,2012-04-30T00:00:00,467,440551,8,245
907,2012-10-27T00:00:00,31,563777,10,164
908,2012-11-02T00:00:00,439,153403,13,71
909,2012-11-10T00:00:00,655,51792,7,284
910,2012-06-09T00:00:00,838,416321,19,103
911,2012-07-13T00:00:00,161,133072,11,234
912,2012-06-15T00:00:00,307,96458,1,128
913,2012-01-31T00:00:00,787,123607,3,232
914,2012-10-31T00:00:00,273,134328,11,147
915,2012-08-20T00:00:00,407,165347,16,80
916,2012-09-09T00:00:00,344,293444,9,261
917,2012-11-16T00:00:00,602,322621,16,261
918,2012-10-27T00:00:00,848,507008,5,85
919,2012-04-04T00:00:00,920,12873,3,86
920,2012-12-18T00:00:00,868,124456,3,274
921,2012-02-28T00:00:00,608,538742,10,218
922,2012-11-02T00:00:00,27,67393,1,199
923,2012-09-15T00:00:00,4,558736,8,45
924,2012-10-09T00:00:00,187,14415,13,110
925,2012-11-10T00:00:00,76,234543,19,150
926,2012-12-02T00:00:00,983,103162,1,99
927,2012-04-18T00:00:00,748,383249,17,229
928,2012-09-17T00:00:00,507,583225,8,105
929,2012-08-26T00:00:00,227,532422,9,42
930,2012-12-20T00:00:00,797,128713,15,186
931,2012-10-07T00:00:00,621,269021,5,294
932,2012-03-25T00:00:00,654,209390,7,20
933,2012-09-27T00:00:00,451,372376,11,142
934,2012-10-17T00:00:00,841,285274,13,146
935,2012-07-15T00:00:00,706,256302,15,291
936,2012-10-21T00:00:00,379,69834,18,108
937,2012-05-18T00:00:00,873,566593,4,29
938,2012-05-24T00:00:00,828,505351,19,293
939,2012-10-19T00:00:00,455,186195,13,202
940,2012-12-24T00:00:00,381,380739,9,106
941,2012-03-17T00:00:00,243,380994,7,45
942,2012-12-12T00:00:00,331,209424,9,264
943,2012-10-01T00:00:00,102,321956,12,46
944,2012-03-27T00:00:00,82,352091,20,46
945,2012-04-04T00:00:00,759,48093,8,12
946,2012-07-13T00:00:00,789,398214,2,202
947,2012-09-29T00:00:00,101,375245,19,53
948,2012-05-30T00:00:00,293,433391,3,15
949,2012-04-08T00:00:00,778,30841,11,21
950,2012-10-19T00:00:00,185,249495,4,174
951,2012-05-16T00:00:00,62,348910,7,154
952,2012-07-09T00:00:00,717,286592,19,37
953,2012-08-14T00:00:00,986,163271,3,31
954,2012-10-01T00:00:00,630,331313,19,140
955,2012-08-14T00:00:00,782,547496,14,81
956,2012-06-25T00:00:00,244,152817,1,116
957,2012-03-19T00:00:00,469,440552,18,69
958,2012-07-17T00:00:00,544,73214,17,12
959,2012-05-14T00:00:00,751,59564,4,93
960,2012-01-21T00:00:00,713,139036,18,282
961,2012-10-27T00:00:00,39,309504,17,65
962,2012-05-24T00:00:00,106,124960,11,281
963,2012-12-04T00:00:00,414,589334,3,77
964,2012-02-02T00:00:00,439,128243,0,284
965,2012-09-03T00:00:00,407,43872,5,158
966,2012-05-26T00:00:00,79,224026,7,215
967,2012-06-21T00:00:00,117,76260,0,116
968,2012-12-16T00:00:00,467,572659,9,61
969,2012-11-18T00:00:00,923,333254,6,185
970,2012-08-10T00:00:00,424,151567,7,198
971,2012-08-24T00:00:00,274,501212,10,103
972,2012-08-10T00:00:00,913,342753,17,182
973,2012-01-23T00:00:00,872,464428,8,67
974,2012-07-01T00:00:00,937,581933,19,57
975,2012-02-10T00:00:00,350,40948,12,23
976,2012-01-09T00:00:00,880,551372,14,76
977,2012-09-27T00:00:00,131,594510,12,22
978,2012-11-18T00:00:00,315,177169,8,272
979,2012-02-16T00:00:00,656,405557,7,49
980,2012-12-24T00:00:00,761,361791,9,26
981,2012-12-10T00:00:00,803,115332,16,295
982,2012-05-12T00:00:00,732,555175,19,3
983,2012-12-18T00:00:00,855,100624,17,32
984,2012-06-03T00:00:00,820,202608,18,288
985,2012-03-31T00:00:00,204,432539,19,35
986,2012-04-18T00:00:00,434,33910,0,93
987,2012-09-17T00:00:00,460,235294,0,23
988,2012-10-17T00:00:00,476,15270,11,5
989,2012-10-15T00:00:00,293,476625,12,131
990,2012-11-20T00:00:00,892,506864,8,249
991,2012-12-14T00:00:00,741,437360,14,168
992,2012-03-07T00:00:00,926,225456,18,130
993,2012-09-17T00:00:00,147,60524,5,46
994,2012-08-02T00:00:00,585,444985,9,108
995,2012-05-04T00:00:00,27,11000,10,73
996,2012-09-17T00:00:00,158,12093,13,109
997,2012-04-08T00:00:00,468,541393,12,191
998,2012-11-24T00:00:00,31,213108,8,53
999,2012-02-06T00:00:00,405,92981,14,183
1000,2012-10-25T00:00:00,281,533404,9,131